{"feature_1": 1.041271890551228, "feature_2": -0.8973344170905191, "feature_3": 0.7449850846690482, "feature_4": 0.9203136986077308}